Müþteri No,Müþteri Adý
1,Onur Ltd
2,Murat A.Þ
3,Ayþe Ltd
4,Esin A.Þ
5,Esra Ltd
6,Orkun A.Þ
7,Cem Ltd
8,Ersan A.Þ
9,Korkmazlar Ltd
10,Ermak A.Þ
11,Tunç Ltd
12,Zta A.Þ
13,Burak Ltd
14,Ersin A.Þ
15,Pýnar Ltd
16,Kll A.Þ
17,Sta Ltd
18,Rota A.Þ
19,Rya Ltd
20,Est A.Þ
21,Set Ltd
22,Kýlýç A.Þ
23,Yýlmazlar Ltd
24,Yýlmaz A.Þ
25,Brd Ltd
26,Arc A.Þ
27,Simla Ltd
28,Damla A.Þ
29,Osman Ltd
30,Wta A.Þ
31,Xyz Ltd
32,Aylin A.Þ
33,Auro Ltd
34,Bora A.Þ
35,Npro Ltd
36,Abc A.Þ
37,Orkunlar Ltd
38,Seçil A.Þ
39,Barboros Ltd
40,Tuðberk A.Þ
41,Arda Ltd
42,Tte A.Þ
43,Klm Ltd
44,Asd A.Þ
45,Gfh Ltd
46,Jkl A.Þ
47,Krd Ltd
48,Ard A.Þ
49,Mgr Ltd
50,Ast A.Þ
